position,lowerbound,upperbound,response frequency
1,0.0,0.02,0.0
2,0.0,0.02,0.0
3,0.0,0.02,0.0
4,0.0,0.02,0.0
5,0.0,0.02,0.0
6,0.0,0.03,0.0
7,0.0,0.02,0.0
8,0.0,0.02,0.0
9,0.0,0.02,0.0
10,0.0,0.02,0.0
11,0.0,0.02,0.0
12,0.0,0.02,0.0
13,0.0,0.02,0.0
14,0.0,0.02,0.0
15,0.0,0.02,0.0
16,0.0,0.02,0.0
17,0.0,0.02,0.0
18,0.0,0.02,0.0
19,0.0,0.02,0.0
20,0.0,0.02,0.0
21,0.0,0.02,0.0
22,0.0,0.02,0.01435529297707
23,0.0,0.02,0.01435529297707
24,0.0,0.02,0.01435529297707
25,0.0,0.02,0.01435529297707
26,0.0,0.03,0.01435529297707
27,0.0,0.03,0.01435529297707
28,0.0,0.03,0.01435529297707
29,0.0,0.03,0.01435529297707
30,0.01,0.03,0.01435529297707
31,0.01,0.05,0.0285691521967709
32,0.01,0.05,0.0285691521967709
33,0.01,0.05,0.0285691521967709
34,0.01,0.05,0.0285691521967709
35,0.01,0.05,0.0285691521967709
36,0.01,0.04,0.0285691521967709
37,0.01,0.04,0.0285691521967709
38,0.01,0.06,0.0426443374084937
39,0.01,0.06,0.0426443374084937
40,0.03,0.08,0.0565835283663675
41,0.02,0.07,0.0565835283663675
42,0.02,0.07,0.0565835283663675
43,0.04,0.1,0.0840642647884745
44,0.04,0.1,0.0840642647884745
45,0.03,0.09,0.070389327891398
46,0.05,0.12,0.0976107966264223
47,0.05,0.12,0.0976107966264223
48,0.07,0.15,0.137503523749935
49,0.09,0.18,0.1763227726404628
50,0.09,0.18,0.1763227726404628
51,0.09,0.18,0.1763227726404628
52,0.11,0.21,0.2016338611696504
53,0.1,0.2,0.1890338243900171
54,0.1,0.2,0.1890338243900171
55,0.09,0.18,0.1763227726404628
56,0.09,0.19,0.1763227726404628
57,0.09,0.19,0.1763227726404628
58,0.12,0.21,0.2141248053528473
59,0.12,0.21,0.2141248053528473
60,0.12,0.21,0.2141248053528473
61,0.13,0.24,0.2387868595871164
62,0.13,0.24,0.2387868595871164
63,0.13,0.24,0.2387868595871164
64,0.12,0.22,0.2141248053528473
65,0.12,0.22,0.2141248053528473
66,0.12,0.22,0.2141248053528473
67,0.11,0.21,0.2141248053528473
68,0.11,0.21,0.2141248053528473
69,0.11,0.21,0.2141248053528473
70,0.11,0.22,0.2141248053528473
71,0.08,0.16,0.1634987322828795
72,0.08,0.16,0.1634987322828795
73,0.1,0.18,0.1763227726404628
74,0.1,0.18,0.1763227726404628
75,0.1,0.18,0.1763227726404628
76,0.12,0.21,0.2141248053528473
77,0.12,0.21,0.2141248053528473
78,0.05,0.12,0.1110313123887439
79,0.05,0.12,0.1110313123887439
80,0.05,0.12,0.1110313123887439
81,0.04,0.1,0.0840642647884745
82,0.04,0.1,0.0840642647884745
83,0.04,0.1,0.0840642647884745
84,0.04,0.1,0.0840642647884745
85,0.04,0.1,0.0976107966264223
86,0.04,0.1,0.0840642647884745
87,0.04,0.1,0.0840642647884745
88,0.04,0.09,0.0840642647884745
89,0.04,0.09,0.0840642647884745
90,0.04,0.09,0.0840642647884745
91,0.03,0.09,0.0840642647884745
92,0.03,0.09,0.0840642647884745
93,0.03,0.1,0.0840642647884745
94,0.03,0.09,0.070389327891398
95,0.03,0.09,0.070389327891398
96,0.03,0.08,0.070389327891398
97,0.03,0.08,0.070389327891398
98,0.03,0.08,0.070389327891398
99,0.03,0.08,0.070389327891398
100,0.02,0.07,0.0565835283663675
101,0.03,0.08,0.070389327891398
102,0.03,0.08,0.070389327891398
103,0.02,0.06,0.0426443374084937
104,0.02,0.06,0.0426443374084937
105,0.02,0.06,0.0426443374084937
106,0.01,0.05,0.0426443374084937
107,0.01,0.05,0.0426443374084937
108,0.01,0.05,0.0426443374084937
109,0.01,0.05,0.0426443374084937
110,0.01,0.05,0.0285691521967709
111,0.01,0.04,0.0285691521967709
112,0.01,0.03,0.01435529297707
113,0.01,0.03,0.01435529297707
114,0.01,0.03,0.01435529297707
115,0.0,0.03,0.01435529297707
116,0.0,0.02,0.01435529297707
117,0.0,0.02,0.01435529297707
118,0.0,0.02,0.01435529297707
119,0.0,0.02,0.01435529297707
120,0.0,0.02,0.01435529297707
121,0.0,0.03,0.01435529297707
122,0.0,0.03,0.01435529297707
123,0.0,0.03,0.01435529297707
124,0.0,0.02,0.01435529297707
125,0.0,0.02,0.01435529297707
126,0.01,0.03,0.01435529297707
127,0.01,0.03,0.01435529297707
128,0.01,0.03,0.01435529297707
129,0.01,0.03,0.01435529297707
130,0.01,0.04,0.0285691521967709
131,0.01,0.04,0.0285691521967709
132,0.01,0.04,0.0285691521967709
133,0.01,0.05,0.0426443374084937
134,0.02,0.06,0.0426443374084937
135,0.02,0.06,0.0426443374084937
136,0.01,0.05,0.0426443374084937
137,0.01,0.05,0.0426443374084937
138,0.01,0.05,0.0426443374084937
139,0.01,0.05,0.0426443374084937
140,0.01,0.05,0.0426443374084937
141,0.02,0.06,0.0426443374084937
142,0.02,0.07,0.0565835283663675
143,0.02,0.07,0.0565835283663675
144,0.02,0.07,0.0565835283663675
145,0.01,0.06,0.0426443374084937
146,0.01,0.06,0.0426443374084937
147,0.01,0.06,0.0426443374084937
148,0.01,0.03,0.01435529297707
149,0.0,0.03,0.01435529297707
150,0.0,0.03,0.01435529297707
151,0.0,0.03,0.01435529297707
152,0.0,0.03,0.01435529297707
153,0.0,0.03,0.01435529297707
154,0.0,0.03,0.01435529297707
155,0.0,0.03,0.01435529297707
156,0.0,0.02,0.01435529297707
157,0.0,0.02,0.0
158,0.0,0.03,0.01435529297707
159,0.0,0.03,0.01435529297707
160,0.0,0.03,0.01435529297707
161,0.0,0.03,0.01435529297707
162,0.0,0.03,0.01435529297707
163,0.0,0.03,0.01435529297707
164,0.0,0.03,0.01435529297707
165,0.0,0.03,0.01435529297707
166,0.0,0.04,0.01435529297707
167,0.0,0.04,0.01435529297707
168,0.01,0.05,0.0285691521967709
169,0.01,0.05,0.0285691521967709
170,0.01,0.05,0.0285691521967709
171,0.02,0.08,0.0565835283663675
172,0.02,0.08,0.0565835283663675
173,0.02,0.08,0.0565835283663675
174,0.02,0.08,0.0565835283663675
175,0.02,0.08,0.0565835283663675
176,0.02,0.09,0.0565835283663675
177,0.02,0.09,0.0565835283663675
178,0.03,0.11,0.0840642647884745
179,0.03,0.11,0.0840642647884745
180,0.03,0.11,0.0840642647884745
181,0.04,0.13,0.0976107966264223
182,0.04,0.13,0.0976107966264223
183,0.04,0.13,0.0976107966264223
184,0.06,0.16,0.137503523749935
185,0.06,0.16,0.137503523749935
186,0.06,0.16,0.137503523749935
187,0.06,0.17,0.137503523749935
188,0.06,0.17,0.137503523749935
189,0.06,0.17,0.137503523749935
190,0.06,0.17,0.137503523749935
191,0.04,0.11,0.0840642647884745
192,0.04,0.11,0.0840642647884745
193,0.04,0.11,0.0840642647884745
194,0.04,0.11,0.0840642647884745
195,0.04,0.11,0.0840642647884745
196,0.03,0.1,0.0840642647884745
197,0.03,0.1,0.0840642647884745
198,0.02,0.07,0.0565835283663675
199,0.01,0.06,0.0426443374084937
200,0.01,0.06,0.0426443374084937
201,0.01,0.06,0.0426443374084937
202,0.01,0.06,0.0426443374084937
203,0.01,0.06,0.0426443374084937
204,0.01,0.06,0.0426443374084937
205,0.01,0.05,0.0426443374084937
206,0.01,0.05,0.0285691521967709
207,0.01,0.05,0.0285691521967709
208,0.01,0.05,0.0285691521967709
209,0.01,0.05,0.0285691521967709
210,0.01,0.05,0.0285691521967709
211,0.02,0.07,0.0565835283663675
212,0.02,0.07,0.0565835283663675
213,0.02,0.08,0.0565835283663675
214,0.03,0.1,0.070389327891398
215,0.03,0.1,0.070389327891398
216,0.03,0.1,0.070389327891398
217,0.03,0.1,0.0840642647884745
218,0.05,0.15,0.1243281350022017
219,0.05,0.15,0.1243281350022017
220,0.06,0.16,0.137503523749935
221,0.06,0.16,0.137503523749935
222,0.06,0.17,0.137503523749935
223,0.06,0.16,0.137503523749935
224,0.06,0.16,0.137503523749935
225,0.06,0.16,0.137503523749935
226,0.05,0.14,0.1110313123887439
227,0.05,0.14,0.1110313123887439
228,0.05,0.14,0.1110313123887439
229,0.04,0.13,0.1110313123887439
230,0.05,0.14,0.1110313123887439
231,0.05,0.14,0.1110313123887439
232,0.05,0.14,0.1110313123887439
233,0.05,0.14,0.1110313123887439
234,0.05,0.14,0.1110313123887439
235,0.05,0.15,0.1243281350022017
236,0.05,0.15,0.1243281350022017
237,0.06,0.16,0.137503523749935
238,0.08,0.19,0.1634987322828795
239,0.09,0.19,0.1763227726404628
240,0.09,0.19,0.1763227726404628
241,0.1,0.21,0.2016338611696504
242,0.1,0.21,0.2016338611696504
243,0.1,0.21,0.2016338611696504
244,0.09,0.2,0.1890338243900171
245,0.09,0.19,0.1763227726404628
246,0.09,0.2,0.1890338243900171
247,0.08,0.19,0.1763227726404628
248,0.06,0.14,0.1243281350022017
249,0.06,0.14,0.1243281350022017
250,0.05,0.13,0.1110313123887439
251,0.04,0.1,0.0840642647884745
252,0.03,0.09,0.070389327891398
253,0.02,0.07,0.0565835283663675
254,0.02,0.06,0.0426443374084937
255,0.02,0.06,0.0426443374084937
256,0.01,0.05,0.0285691521967709
257,0.01,0.05,0.0285691521967709
258,0.01,0.03,0.01435529297707
259,0.0,0.03,0.01435529297707
260,0.0,0.03,0.01435529297707
261,0.0,0.02,0.0
262,0.0,0.02,0.0
263,0.0,0.02,0.0
264,0.0,0.02,0.0
265,0.0,0.02,0.0
266,0.0,0.02,0.0
267,0.0,0.02,0.0
268,0.0,0.02,0.01435529297707
269,0.0,0.02,0.0
270,0.0,0.02,0.01435529297707
271,0.01,0.04,0.0285691521967709
272,0.01,0.04,0.0285691521967709
273,0.01,0.04,0.0285691521967709
274,0.01,0.06,0.0426443374084937
275,0.01,0.06,0.0426443374084937
276,0.07,0.15,0.1505596765753813
277,0.09,0.17,0.1634987322828795
278,0.09,0.17,0.1634987322828795
279,0.09,0.17,0.1634987322828795
280,0.1,0.18,0.1890338243900171
281,0.13,0.23,0.2265085298086797
282,0.13,0.23,0.2265085298086797
283,0.13,0.24,0.2387868595871164
284,0.13,0.24,0.2387868595871164
285,0.13,0.23,0.2387868595871164
286,0.13,0.23,0.2265085298086797
287,0.13,0.23,0.2265085298086797
288,0.13,0.23,0.2265085298086797
289,0.12,0.22,0.2141248053528473
290,0.12,0.22,0.2141248053528473
291,0.04,0.12,0.0976107966264223
292,0.03,0.1,0.0840642647884745
293,0.03,0.1,0.070389327891398
294,0.03,0.1,0.0840642647884745
295,0.04,0.11,0.0840642647884745
296,0.04,0.12,0.0976107966264223
297,0.07,0.16,0.1505596765753813
298,0.14,0.27,0.2630344058337938
299,0.14,0.27,0.2630344058337938
300,0.15,0.28,0.2750070474998697
301,0.2,0.34,0.3334237337251918
302,0.21,0.34,0.3448284969974411
303,0.21,0.34,0.3448284969974411
304,0.23,0.37,0.3785116232537299
305,0.23,0.37,0.3785116232537299
306,0.23,0.37,0.3785116232537299
307,0.23,0.36,0.3673710656485294
308,0.23,0.36,0.3673710656485294
309,0.23,0.37,0.3785116232537299
310,0.22,0.36,0.3561438102252753
311,0.16,0.26,0.2750070474998697
312,0.13,0.24,0.2387868595871164
313,0.1,0.19,0.1890338243900171
314,0.09,0.19,0.1763227726404628
315,0.08,0.18,0.1634987322828795
316,0.04,0.11,0.0976107966264223
317,0.04,0.11,0.0840642647884745
318,0.03,0.08,0.070389327891398
319,0.01,0.05,0.0426443374084937
320,0.01,0.05,0.0426443374084937
321,0.01,0.03,0.01435529297707
322,0.01,0.03,0.01435529297707
323,0.01,0.03,0.01435529297707
324,0.01,0.03,0.01435529297707
325,0.01,0.03,0.01435529297707
326,0.01,0.04,0.0285691521967709
327,0.01,0.04,0.0285691521967709
328,0.01,0.04,0.0285691521967709
329,0.01,0.04,0.0285691521967709
330,0.01,0.04,0.0285691521967709
331,0.01,0.04,0.0285691521967709
332,0.01,0.04,0.0285691521967709
333,0.01,0.04,0.0285691521967709
334,0.01,0.04,0.0285691521967709
335,0.01,0.04,0.0285691521967709
336,0.01,0.04,0.0285691521967709
337,0.01,0.04,0.0285691521967709
338,0.01,0.04,0.0285691521967709
339,0.01,0.04,0.0285691521967709
340,0.01,0.04,0.0285691521967709
341,0.01,0.05,0.0285691521967709
342,0.01,0.05,0.0285691521967709
343,0.01,0.04,0.0285691521967709
344,0.01,0.04,0.0285691521967709
345,0.01,0.04,0.0285691521967709
346,0.01,0.03,0.01435529297707
347,0.01,0.03,0.01435529297707
348,0.01,0.03,0.01435529297707
349,0.0,0.03,0.01435529297707
350,0.0,0.03,0.01435529297707
351,0.0,0.03,0.01435529297707
352,0.0,0.02,0.01435529297707
353,0.0,0.02,0.01435529297707
354,0.0,0.02,0.01435529297707
355,0.0,0.02,0.0
356,0.0,0.02,0.0
357,0.0,0.02,0.0
358,0.0,0.03,0.01435529297707
359,0.0,0.03,0.01435529297707
360,0.0,0.03,0.01435529297707
361,0.0,0.02,0.01435529297707
362,0.0,0.02,0.01435529297707
363,0.0,0.02,0.01435529297707
364,0.0,0.03,0.01435529297707
365,0.0,0.03,0.01435529297707
366,0.01,0.03,0.01435529297707
367,0.01,0.03,0.01435529297707
368,0.01,0.05,0.0285691521967709
369,0.01,0.05,0.0285691521967709
370,0.01,0.05,0.0285691521967709
371,0.02,0.08,0.0565835283663675
372,0.02,0.08,0.0565835283663675
373,0.03,0.1,0.070389327891398
374,0.03,0.1,0.070389327891398
375,0.03,0.1,0.070389327891398
376,0.04,0.12,0.0976107966264223
377,0.04,0.12,0.0976107966264223
378,0.03,0.09,0.070389327891398
379,0.04,0.1,0.0840642647884745
380,0.04,0.1,0.0840642647884745
381,0.04,0.1,0.0840642647884745
382,0.04,0.11,0.0976107966264223
383,0.04,0.11,0.0976107966264223
384,0.04,0.11,0.0976107966264223
385,0.05,0.12,0.1110313123887439
386,0.04,0.12,0.0976107966264223
387,0.04,0.12,0.0976107966264223
388,0.02,0.08,0.070389327891398
389,0.02,0.08,0.070389327891398
390,0.02,0.08,0.070389327891398
391,0.01,0.05,0.0285691521967709
392,0.01,0.05,0.0285691521967709
393,0.01,0.05,0.0285691521967709
394,0.01,0.05,0.0285691521967709
395,0.01,0.05,0.0285691521967709
396,0.01,0.04,0.0285691521967709
397,0.01,0.05,0.0285691521967709
398,0.01,0.05,0.0285691521967709
399,0.01,0.05,0.0285691521967709
400,0.01,0.05,0.0285691521967709
401,0.01,0.05,0.0285691521967709
402,0.01,0.05,0.0285691521967709
403,0.01,0.04,0.0285691521967709
404,0.01,0.04,0.0285691521967709
405,0.01,0.04,0.0285691521967709
406,0.01,0.04,0.0285691521967709
407,0.01,0.04,0.0285691521967709
408,0.01,0.05,0.0285691521967709
409,0.01,0.03,0.01435529297707
410,0.01,0.03,0.01435529297707
411,0.01,0.04,0.0285691521967709
412,0.0,0.03,0.01435529297707
413,0.0,0.03,0.01435529297707
414,0.0,0.03,0.01435529297707
415,0.0,0.03,0.01435529297707
416,0.01,0.03,0.01435529297707
417,0.01,0.03,0.01435529297707
418,0.01,0.04,0.0285691521967709
419,0.01,0.04,0.0285691521967709
420,0.01,0.04,0.0285691521967709
421,0.02,0.06,0.0426443374084937
422,0.02,0.06,0.0426443374084937
423,0.02,0.06,0.0426443374084937
424,0.02,0.07,0.0565835283663675
425,0.02,0.07,0.0565835283663675
426,0.02,0.06,0.0426443374084937
427,0.02,0.06,0.0426443374084937
428,0.01,0.05,0.0426443374084937
429,0.01,0.05,0.0426443374084937
430,0.01,0.04,0.0285691521967709
431,0.01,0.04,0.0285691521967709
432,0.01,0.04,0.0285691521967709
433,0.01,0.03,0.01435529297707
434,0.01,0.03,0.01435529297707
435,0.01,0.03,0.01435529297707
436,0.0,0.02,0.01435529297707
437,0.0,0.02,0.01435529297707
438,0.0,0.03,0.01435529297707
439,0.0,0.02,0.0
440,0.0,0.02,0.0
441,0.0,0.02,0.0
442,0.0,0.02,0.0
443,0.0,0.02,0.0
444,0.0,0.02,0.0
445,0.0,0.02,0.0
446,0.0,0.02,0.0
447,0.0,0.02,0.0
448,0.0,0.02,0.0
449,0.0,0.02,0.0
450,0.0,0.02,0.0
451,0.0,0.02,0.0
452,0.0,0.02,0.0
453,0.0,0.02,0.0
454,0.0,0.02,0.01435529297707
455,0.0,0.02,0.01435529297707
456,0.0,0.02,0.01435529297707
457,0.0,0.02,0.01435529297707
458,0.0,0.02,0.01435529297707
459,0.0,0.02,0.01435529297707
460,0.0,0.02,0.01435529297707
461,0.0,0.04,0.01435529297707
462,0.0,0.04,0.01435529297707
463,0.01,0.05,0.0285691521967709
464,0.01,0.05,0.0285691521967709
465,0.01,0.05,0.0285691521967709
466,0.01,0.05,0.0285691521967709
467,0.01,0.05,0.0285691521967709
468,0.01,0.05,0.0285691521967709
469,0.01,0.04,0.0285691521967709
470,0.01,0.04,0.0285691521967709
471,0.01,0.06,0.0426443374084937
472,0.01,0.06,0.0426443374084937
473,0.02,0.07,0.0426443374084937
474,0.02,0.07,0.0426443374084937
475,0.02,0.07,0.0426443374084937
476,0.02,0.07,0.0565835283663675
477,0.02,0.07,0.0565835283663675
478,0.01,0.06,0.0426443374084937
479,0.01,0.07,0.0426443374084937
480,0.01,0.07,0.0426443374084937
481,0.01,0.07,0.0426443374084937
482,0.02,0.08,0.0565835283663675
483,0.02,0.08,0.0565835283663675
484,0.02,0.08,0.0565835283663675
485,0.03,0.09,0.070389327891398
486,0.03,0.1,0.070389327891398
487,0.03,0.1,0.070389327891398
488,0.03,0.1,0.070389327891398
489,0.03,0.1,0.070389327891398
490,0.03,0.1,0.070389327891398
491,0.02,0.07,0.0565835283663675
492,0.02,0.07,0.0565835283663675
493,0.02,0.07,0.0565835283663675
494,0.02,0.07,0.0565835283663675
495,0.02,0.07,0.0565835283663675
496,0.02,0.08,0.0565835283663675
497,0.02,0.07,0.0565835283663675
498,0.01,0.05,0.0426443374084937
499,0.01,0.05,0.0285691521967709
500,0.01,0.05,0.0285691521967709
501,0.0,0.04,0.01435529297707
502,0.0,0.04,0.01435529297707
503,0.0,0.03,0.01435529297707
504,0.0,0.03,0.01435529297707
505,0.0,0.04,0.01435529297707
506,0.0,0.02,0.0
507,0.0,0.02,0.0
